<?xml version="1.0" encoding="UTF-8"?>
<!DOCTYPE mapper
        PUBLIC "-//mybatis.org//DTD Mapper 3.0//EN"
        "http://mybatis.org/dtd/mybatis-3-mapper.dtd">
<mapper namespace="cn.hope.hiket.dao.GoodDao">
    <!--上传-->
    <insert id="insert" parameterType="good" useGeneratedKeys="true" keyProperty="goodId">
        insert into good
        (
        seller_open_id, title, content,
        <if test="phoneNumber != null">phone_number,</if>
        <if test="weixinNumber != null">weixin_number,</if>
        <if test="qqNumber != null">qq_number,</if>
        <if test="price != null">price,</if>
        <if test="oldPrice != null">old_price,</if>
        <if test="section != null">section,</if>
        <if test="sectionTag != null">section_tag,</if>
        <if test="elseTag != null">else_tag,</if>
        <if test="helpTag != null">help_tag,</if>
        <if test="reward != null">reward,</if>
        <if test="period != null">period,</if>
        type
        )
        values
        (
        #{sellerOpenId}, #{title}, #{content},
        <if test="phoneNumber != null">#{phoneNumber},</if>
        <if test="weixinNumber != null">#{weixinNumber},</if>
        <if test="qqNumber != null">#{qqNumber},</if>
        <if test="price != null">#{price},</if>
        <if test="oldPrice != null">#{oldPrice},</if>
        <if test="section != null">#{section},</if>
        <if test="sectionTag != null">#{sectionTag},</if>
        <if test="elseTag != null">#{elseTag},</if>
        <if test="helpTag != null">#{helpTag},</if>
        <if test="reward != null">#{reward},</if>
        <if test="period != null">#{period},</if>
        #{type}
        )
    </insert>

    <insert id="insertUploadImagePath">
        insert into good_images (good_id, image_path)
        values
        <foreach collection="uploadImagePathList" item="item" index="index" separator=",">
            (#{goodId}, #{item,jdbcType=VARCHAR})
        </foreach>
    </insert>

    <update id="deleteUploadImagePath" parameterType="long">
        update good_images
        set state = 1
        where good_id = #{goodId}
    </update>
    <!--上传-->

    <!--搜索-->
    <select id="select" resultType="good" parameterType="long">
    select good_id, seller_open_id, nick_name, gender, avatar_url, campus, college, title, content, phone_number, weixin_number, qq_number, create_time, price, old_price, section, section_tag, else_tag, state, browse_number
    from good_info
    where good_id=#{goodId}
    </select>

    <select id="selectActiveGood" parameterType="search" resultType="good">
        select good_id, seller_open_id, nick_name, gender, avatar_url, campus, college, title, content, phone_number, weixin_number, qq_number, create_time, price, old_price, section, section_tag, else_tag, state, browse_number
        from good_info
        where state = 0
        <if test="section!=null and section!=-1">and section = #{section}</if>
        <if test="pattern!=null and pattern!=''">
            <choose>
                <when test="pattern=='其它'">and else_tag=1</when>
                <otherwise>
                    and (title like "%"#{pattern}"%" or campus like "%"#{pattern}"%" or content like "%"#{pattern}"%" or section_tag like "%"#{pattern}"%")
                </otherwise>
            </choose>
        </if>
        order by
        <choose>
            <when test="orderByBrowseNumber!=null and orderByBrowseNumber==1">
                browse_number desc
            </when>
            <when test="orderByCreateTime!=null and orderByCreateTime==1">
                create_time desc
            </when>
            <otherwise>
                rand()
            </otherwise>
        </choose>
        <if test="beginIndex!=null and beginIndex!=-1 and numberIndex!=null and numberIndex!=-1">limit #{beginIndex},#{numberIndex}</if>
    </select>

    <select id="selectUploadImagePathByGoodId" parameterType="long" resultType="string">
        select image_path from good_images
        where
        good_id = #{goodId}
        and state = 0
    </select>

    <select id="selectGoodByGoodIdList" resultType="good">
        select good_id, seller_open_id, nick_name, gender, avatar_url, campus, college, title, content, phone_number, weixin_number, qq_number, create_time, price, old_price, section, section_tag, else_tag, state, browse_number
        from good_info
        where
        <foreach collection="goodIdList" item="item" index="index" separator=" or ">
            good_id=#{item,jdbcType=BIGINT}
        </foreach>
    </select>
    <!--搜索-->

    <!--收藏-->
    <select id="selectGoodFavoriteNumberByGoodId" parameterType="long" resultType="int">
        select count(*) from user_favorite_good
        where good_id = #{goodId}
    </select>

    <select id="selectGoodFavoriteOpenIdListByGoodId" parameterType="long" resultType="string">
        select open_id from user_favorite_good
        where good_id = #{goodId}
    </select>

    <insert id="insertGoodFavorite">
        insert into user_favorite_good
        (good_id, open_id)
        values
        (#{goodId}, #{openId})
    </insert>

    <delete id="deleteGoodFavorite">
        delete from user_favorite_good
        where open_id=#{openId} and good_id=#{goodId}
    </delete>

    <select id="selectFavoriteGoodId" parameterType="string" resultType="long">
        select good_id from user_favorite_good where open_id=#{openId}
    </select>

    <select id="selectIsMyFavorite" resultType="int">
        select count(*) from user_favorite_good where open_id=#{openId} and good_id=#{goodId}
    </select>
    <!--收藏-->

    <!--我的-->
    <select id="selectMyGood" parameterType="string" resultType="good">
        select good_id, seller_open_id, nick_name, gender, avatar_url, campus, college, title, content, phone_number, weixin_number, qq_number, create_time, price, old_price, section, section_tag, else_tag, state, browse_number
        from good_info where seller_open_id=#{openId} order by create_time desc
    </select>

    <select id="selectIsMine" resultType="int">
        select count(*) from good where seller_open_id=#{openId} and good_id=#{goodId}
    </select>

    <update id="updateState">
        update good set
        state = #{state}
        where good_id = #{goodId}
    </update>

    <update id="update" parameterType="good">
        update good set
        <if test="title != null">title=#{title},</if>
        <if test="content != null">content=#{content},</if>
        <if test="phoneNumber != null">phone_number=#{phoneNumber},</if>
        <if test="weixinNumber != null">weixin_number=#{weixinNumber},</if>
        <if test="qqNumber != null">qq_number=#{qqNumber},</if>
        <if test="type != null">type=#{type},</if>
        <if test="price != null">price=#{price},</if>
        <if test="oldPrice != null">old_price=#{oldPrice},</if>
        <if test="section != null">section=#{section},</if>
        <if test="sectionTag != null">section_tag=#{sectionTag},</if>
        <if test="elseTag != null">else_tag=#{elseTag},</if>
        <if test="helpTag != null">help_tag=#{helpTag},</if>
        <if test="reward != null">reward=#{reward},</if>
        <if test="period != null">period=#{period},</if>
        state=0
        where good_id=#{goodId}
    </update>
    <!--我的-->

    <!--浏览-->
    <update id="increaseBrowseNumber" parameterType="long">
        update good set
        browse_number=browse_number+floor(rand()*3)
        where good_id=#{goodId};
    </update>
    <!--浏览-->
</mapper>